序号,用户名,密码,邮箱,手机号,姓名,身份证号,地址,性别,年龄,职业,收入范围,注册时间,状态
1,member_2025_9620,MSOo@IJzLh3j,member_2025_9620@sina.com,18989878948,陈丽,460700196912260296,河南省郑州市光明路914号34栋136室,female,30,学生,20000-50000,2026-04-03T04:50:27.660Z,成功
2,gold_super_3637,Z7SGssnXprXH,gold_super_3637@outlook.com,15797818134,赵杰,143023198807279837,浙江省杭州市建设路327号43栋343室,female,41,公务员,50000以上,2026-04-03T04:50:28.300Z,成功
3,test_ultra_1819,ToMWT2au6#&r,test_ultra_1819@126.com,18526189909,何建国,225394199405148023,湖南省长沙市东风路84号25栋395室,female,19,运营专员,5000-10000,2026-04-03T04:50:28.738Z,成功
4,vip_ultra_183,uH0t&6S#2VUg,vip_ultra_183@sohu.com,13013586121,李静,363670198203017500,福建省福州市朝阳路15号31栋479室,male,19,护士,50000以上,2026-04-03T04:50:29.232Z,成功
5,demo_2024_1782,612Pmh#lzt3*,demo_2024_1782@126.com,18507225844,高霞,414478199011146105,天津市市辖区发展路945号32栋289室,male,25,学生,50000以上,2026-04-03T04:50:29.685Z,成功
6,silver_2026_4553,#sg$z6$wbPEJ,silver_2026_4553@sina.com,13644290295,李桂英,316357198307141473,湖北省武汉市前进路375号33栋256室,male,41,市场专员,10000-20000,2026-04-03T04:50:30.135Z,成功
7,bronze_lite_7681,gQiBfKfzzVS$,bronze_lite_7681@outlook.com,13650451383,孙霞,222921200306144980,河北省石家庄市文化路104号24栋367室,female,41,自由职业,5000-10000,2026-04-03T04:50:30.553Z,成功
8,star_ultra_2497,LqLc@hYTeL1S,star_ultra_2497@163.com,15290120751,李国华,647079197401206178,江西省南昌市繁荣路575号19栋497室,female,28,公务员,5000以下,2026-04-03T04:50:30.983Z,成功
9,gold_pro_9003,1DsezZRjIDfA,gold_pro_9003@outlook.com,13048175866,李国栋,518157197301228379,辽宁省沈阳市科技路18号48栋40室,female,45,教师,5000以下,2026-04-03T04:50:31.399Z,成功
10,gold_2025_6647,*2dgtvER4Oym,gold_2025_6647@126.com,15204470397,周娜,122149200211096807,浙江省杭州市建设路275号30栋401室,male,27,教师,50000以上,2026-04-03T04:50:31.819Z,成功
11,bronze_max_4431,ul2fy47EyPY5,bronze_max_4431@sohu.com,13195834131,黄敏,459295199110209930,河北省石家庄市文化路187号19栋486室,female,24,人力资源,5000以下,2026-04-03T04:50:32.285Z,成功
12,demo_max_7276,2Si6NoEVBNr*,demo_max_7276@foxmail.com,15793295780,郭平,51888319830526687X,云南省昆明市幸福路234号36栋428室,male,28,行政助理,5000以下,2026-04-03T04:50:32.701Z,成功
13,bronze_2024_3579,mEpYSel$Fg*f,bronze_2024_3579@sina.com,15019007822,赵国梁,539258196609086292,贵州省贵阳市安康路888号31栋442室,male,42,护士,20000-50000,2026-04-03T04:50:33.150Z,成功
14,guest_pro_5459,q#M#BRi!QXcd,guest_pro_5459@163.com,13951932152,郭艳,541556198909240308,贵州省贵阳市安康路223号49栋499室,male,34,财务经理,5000-10000,2026-04-03T04:50:33.568Z,成功
15,member_2024_358,Dm2j6hg3pnUH,member_2024_358@gmail.com,18805537242,郭国强,617230199003260706,四川省成都市胜利路40号35栋275室,female,27,人力资源,50000以上,2026-04-03T04:50:33.994Z,成功
16,star_ultra_6647,z0VGhqX2xPrc,star_ultra_6647@qq.com,13806011236,郭国栋,320819197108256754,湖南省长沙市东风路275号40栋398室,male,57,会计师,10000-20000,2026-04-03T04:50:34.417Z,成功
17,guest_pro_4047,qp9Hs^IT&1XS,guest_pro_4047@163.com,15909645391,陈秀,220976200404050447,天津市市辖区发展路686号1栋130室,male,54,市场专员,5000以下,2026-04-03T04:50:34.833Z,成功
18,user_2026_5302,K#Jw5f7QJxJQ,user_2026_5302@sina.com,13737974809,刘国梁,362254197004030238,湖北省武汉市前进路660号20栋80室,female,50,产品经理,20000-50000,2026-04-03T04:50:35.252Z,成功
19,demo_mini_6961,0ABMLba^Mg#t,demo_mini_6961@163.com,13243833302,王艳,337550197201139099,福建省福州市朝阳路566号40栋18室,female,36,其他,5000-10000,2026-04-03T04:50:35.667Z,成功
20,test_pro_5022,kXjp5Wzc3uJv,test_pro_5022@foxmail.com,15694592509,黄国梁,156305198502130394,云南省昆明市幸福路285号49栋38室,female,22,会计师,5000以下,2026-04-03T04:50:36.085Z,成功
21,user_2024_2009,CsoeXZvyHFqB,user_2024_2009@foxmail.com,18631858867,王明,344689198302042514,山东省济南市新华路215号12栋72室,male,39,财务经理,10000-20000,2026-04-03T04:50:36.504Z,成功
22,member_max_5130,blmt%wz#f^7C,member_max_5130@hotmail.com,13008460737,罗桂英,642983197609107557,上海市市辖区解放路565号30栋297室,female,33,医生,10000-20000,2026-04-03T04:50:36.966Z,成功
23,bronze_2026_4114,OHBhb#l4uuPb,bronze_2026_4114@outlook.com,13888050526,何建军,441658199006250969,云南省昆明市幸福路858号28栋18室,male,30,运营专员,5000-10000,2026-04-03T04:50:37.385Z,成功
24,member_super_4902,KVe896wywybD,member_super_4902@163.com,18509561641,高国梁,239787199710284447,北京市市辖区中山路996号31栋251室,male,20,医生,5000以下,2026-04-03T04:50:37.801Z,成功
25,star_mini_1498,sAsV*IvuPLwX,star_mini_1498@163.com,13820358276,孙国平,221341199910089937,广东省广州市人民路567号1栋473室,female,58,银行职员,5000-10000,2026-04-03T04:50:38.249Z,成功
26,test_ultra_1395,v$TNU!tXXI1u,test_ultra_1395@foxmail.com,15111373982,马国梁,529103196112205564,湖北省武汉市前进路705号9栋24室,female,20,教师,5000-10000,2026-04-03T04:50:38.701Z,成功
27,guest_lite_5133,3!uvM3*J5NFJ,guest_lite_5133@hotmail.com,13177470432,王艳,220316199904115126,江西省南昌市繁荣路596号26栋361室,female,57,自由职业,50000以上,2026-04-03T04:50:39.152Z,成功
28,guest_pro_924,nAC^xk5h3W*U,guest_pro_924@126.com,13588743145,何勇,503663198606158079,江苏省南京市和平路521号32栋69室,female,23,律师,5000以下,2026-04-03T04:50:39.585Z,成功
29,gold_mini_8297,5He4GAZfnL2G,gold_mini_8297@163.com,13298157478,赵杰,212115196301113948,广东省广州市人民路303号40栋227室,female,54,公务员,20000-50000,2026-04-03T04:50:40.001Z,成功
30,silver_lite_5191,Ss2MUon$cEFZ,silver_lite_5191@sohu.com,13052830526,黄建国,368901198403194884,北京市市辖区中山路154号38栋410室,female,37,自由职业,5000-10000,2026-04-03T04:50:40.434Z,成功
31,member_ultra_741,QNKJoDL886J9,member_ultra_741@163.com,13867914722,徐刚,451342196211272674,辽宁省沈阳市科技路209号25栋61室,female,41,教师,20000-50000,2026-04-03T04:50:40.855Z,成功
32,member_plus_3425,2n2hgOv0ebxc,member_plus_3425@yahoo.com,15952423134,罗国栋,227146198009063437,陕西省西安市教育路348号2栋3室,male,33,会计师,10000-20000,2026-04-03T04:50:41.268Z,成功
33,test_plus_9951,t7VQ$50YrlCc,test_plus_9951@qq.com,13184901741,李霞,410221196808246852,云南省昆明市幸福路767号39栋285室,male,34,公务员,5000以下,2026-04-03T04:50:41.685Z,成功
34,member_pro_920,h10HDna@&WpA,member_pro_920@sohu.com,13112254123,李建军,33579519720107408X,重庆市市辖区创新路510号50栋40室,female,36,市场专员,5000以下,2026-04-03T04:50:42.100Z,成功
35,user_max_1500,hyz8jfqs#y8f,user_max_1500@sina.com,15894440512,周建军,236605200409049926,福建省福州市朝阳路998号15栋268室,female,44,银行职员,5000以下,2026-04-03T04:50:42.549Z,成功
36,member_max_7778,ssFNUa%tlo%a,member_max_7778@sohu.com,13574134853,吴洋,225054196604071515,河南省郑州市光明路155号25栋482室,male,46,其他,20000-50000,2026-04-03T04:50:42.970Z,成功
37,user_ultra_2080,*iOLD@8U01dz,user_ultra_2080@outlook.com,13309932574,黄军,311627196903093636,福建省福州市朝阳路829号2栋261室,female,31,医生,5000-10000,2026-04-03T04:50:43.418Z,成功
38,star_max_80,h3sl%nQp310Y,star_max_80@gmail.com,15036935107,周娜,119391198204251352,福建省福州市朝阳路709号44栋256室,female,52,软件工程师,5000以下,2026-04-03T04:50:43.840Z,成功
39,user_mini_9219,4mGuPP&&3si#,user_mini_9219@qq.com,18812261077,林洋,119017198604062999,江西省南昌市繁荣路877号6栋11室,female,35,银行职员,20000-50000,2026-04-03T04:50:44.255Z,成功
40,test_super_7853,qwZZ5mOjjcP4,test_super_7853@gmail.com,15909489768,徐涛,340767200408170622,辽宁省沈阳市科技路926号14栋31室,male,29,软件工程师,10000-20000,2026-04-03T04:50:44.686Z,成功
41,demo_max_5069,78aK4cpNtPQA,demo_max_5069@qq.com,13951141699,马杰,46892719951016675X,福建省福州市朝阳路636号40栋119室,female,46,会计师,50000以上,2026-04-03T04:50:45.121Z,成功
42,demo_2025_2077,io@^x@%$tWd4,demo_2025_2077@qq.com,15107813375,胡国强,150053197712021924,陕西省西安市教育路137号1栋144室,male,21,学生,5000以下,2026-04-03T04:50:45.551Z,成功
43,star_super_7801,1M1wYmZyN*2Q,star_super_7801@outlook.com,13018338939,郭秀,147524198008136378,辽宁省沈阳市科技路205号40栋17室,male,22,自由职业,5000以下,2026-04-03T04:50:45.987Z,成功
44,user_mini_5761,tpicMD4tSRwT,user_mini_5761@sohu.com,18289705685,孙芳,353417198403207160,重庆市市辖区创新路635号26栋56室,male,41,公务员,10000-20000,2026-04-03T04:50:46.403Z,成功
45,member_max_4518,l*W0$RIXYP*k,member_max_4518@163.com,13665640839,胡国强,348730196306055063,河北省石家庄市文化路981号40栋218室,female,22,护士,50000以上,2026-04-03T04:50:46.836Z,成功
46,demo_2025_7702,RQ9Xlm#5OJtc,demo_2025_7702@126.com,15567126802,何艳,35346919750408793X,河南省郑州市光明路74号26栋414室,female,27,销售经理,5000-10000,2026-04-03T04:50:47.271Z,成功
47,member_2026_6562,9aGZGMMrTn#A,member_2026_6562@foxmail.com,13260188660,陈涛,132852199610170712,河北省石家庄市文化路120号39栋345室,male,41,销售经理,10000-20000,2026-04-03T04:50:47.698Z,成功
48,gold_2025_9836,K9iWck%Jp&X!,gold_2025_9836@gmail.com,18864028301,赵丽,658161199405286826,浙江省杭州市建设路442号20栋22室,male,59,人力资源,5000以下,2026-04-03T04:50:48.153Z,成功
49,test_lite_51,UleoR$$1!Jkk,test_lite_51@qq.com,15250756787,张国平,416401196107139991,天津市市辖区发展路709号39栋289室,female,46,财务经理,10000-20000,2026-04-03T04:50:48.569Z,成功
50,star_lite_6168,2*^VeqMEXacR,star_lite_6168@sohu.com,18549250655,张国栋,376208199904254276,云南省昆明市幸福路733号1栋383室,male,23,行政助理,10000-20000,2026-04-03T04:50:48.987Z,成功
51,silver_ultra_8096,AZA9pa11TXqi,silver_ultra_8096@sina.com,13988514629,何桂英,639078198804216467,陕西省西安市教育路146号34栋427室,male,43,其他,50000以上,2026-04-03T04:50:49.420Z,成功
52,test_mini_6333,uUyJmDsKMZWU,test_mini_6333@hotmail.com,13372657058,杨磊,225236198309026452,江西省南昌市繁荣路398号23栋328室,female,52,人力资源,5000-10000,2026-04-03T04:50:49.838Z,成功
53,guest_max_2851,OB^v8z$*B4Sr,guest_max_2851@yahoo.com,13905659576,郭伟,524746198602053142,湖北省武汉市前进路519号4栋95室,male,34,产品经理,5000以下,2026-04-03T04:50:50.268Z,成功
54,test_ultra_8235,srfW%QJFt2vH,test_ultra_8235@hotmail.com,15316542282,赵艳,410441197106231833,贵州省贵阳市安康路849号22栋216室,male,29,软件工程师,10000-20000,2026-04-03T04:50:50.685Z,成功
55,star_plus_7344,LA0m1pgHM&dh,star_plus_7344@gmail.com,13526152305,朱涛,639099198101121092,陕西省西安市教育路213号20栋93室,male,30,银行职员,50000以上,2026-04-03T04:50:51.119Z,成功
56,user_pro_1948,^987^qGwGrU8,user_pro_1948@126.com,13180691230,孙国栋,442512200009062551,上海市市辖区解放路520号25栋364室,male,26,护士,10000-20000,2026-04-03T04:50:51.604Z,成功
57,user_lite_3092,7Wkf@EXEBtGS,user_lite_3092@163.com,18704617413,徐国平,374157197102166275,北京市市辖区中山路754号32栋23室,male,24,银行职员,20000-50000,2026-04-03T04:50:52.107Z,成功
58,guest_pro_4506,25QuM8JlZz!c,guest_pro_4506@sina.com,13382671772,马国梁,426929198306081002,福建省福州市朝阳路841号25栋93室,male,38,学生,5000-10000,2026-04-03T04:50:52.553Z,成功
59,star_pro_9937,Ut1jP*iqcV1B,star_pro_9937@foxmail.com,13725954455,孙强,523681197601254493,云南省昆明市幸福路128号49栋103室,female,18,销售经理,50000以上,2026-04-03T04:50:52.985Z,成功
60,demo_pro_5600,9xQ#DnvG7kZ*,demo_pro_5600@163.com,15571920051,罗桂英,352752197611059668,河南省郑州市光明路548号40栋145室,male,38,银行职员,50000以上,2026-04-03T04:50:53.401Z,成功
61,member_2025_108,tZdwj&I*h1po,member_2025_108@163.com,13576622830,陈建军,377113196711092680,河北省石家庄市文化路787号47栋261室,male,36,银行职员,50000以上,2026-04-03T04:50:53.820Z,成功
62,guest_max_2773,0jufCYBZFkhT,guest_max_2773@yahoo.com,13046926179,朱超,539749199311265575,四川省成都市胜利路617号37栋285室,male,27,运营专员,5000-10000,2026-04-03T04:50:54.253Z,成功
63,bronze_mini_8249,fYXZ3Pcw%y^D,bronze_mini_8249@outlook.com,13649162817,孙秀,517120199301160912,辽宁省沈阳市科技路716号3栋24室,female,36,投资顾问,5000以下,2026-04-03T04:50:54.670Z,成功
64,demo_mini_2795,pg6ddkvU@%vk,demo_mini_2795@yahoo.com,18365050414,赵磊,456135196807240104,安徽省合肥市友谊路989号22栋151室,male,45,自由职业,20000-50000,2026-04-03T04:50:55.086Z,成功
65,silver_max_3301,#rH0I2HxwVKm,silver_max_3301@foxmail.com,18630928975,李超,620138198406101714,重庆市市辖区创新路273号20栋231室,male,48,其他,20000-50000,2026-04-03T04:50:55.500Z,成功
66,bronze_max_9871,f^2PVFAhnOQJ,bronze_max_9871@sohu.com,15348164430,黄强,458697198904177634,湖北省武汉市前进路855号46栋452室,female,42,产品经理,5000-10000,2026-04-03T04:50:55.937Z,成功
67,user_plus_8026,5WOZfBR3R4fc,user_plus_8026@qq.com,18904016707,李磊,23033920011227805X,北京市市辖区中山路502号17栋67室,male,53,行政助理,10000-20000,2026-04-03T04:50:56.352Z,成功
68,bronze_pro_8693,AD*rb!1*TQEm,bronze_pro_8693@163.com,15386237162,林勇,143356200308046768,四川省成都市胜利路309号43栋184室,female,38,公务员,5000-10000,2026-04-03T04:50:56.771Z,成功
69,test_2025_9121,^3syFyoC13Ld,test_2025_9121@sohu.com,13803275880,吴伟,214851199611076408,山东省济南市新华路669号41栋437室,female,56,银行职员,20000-50000,2026-04-03T04:50:57.188Z,成功
70,user_mini_3871,2mVNjvMmeVGo,user_mini_3871@foxmail.com,13673035827,郭国平,114342196105164391,河南省郑州市光明路824号34栋304室,male,55,行政助理,20000-50000,2026-04-03T04:50:57.624Z,成功
71,member_max_1936,o#4d&JyRuFti,member_max_1936@gmail.com,13563116094,郭丽,211803196901284611,天津市市辖区发展路993号40栋421室,male,48,投资顾问,5000以下,2026-04-03T04:50:58.071Z,成功
72,star_ultra_9647,!!a$Pn#wjm1E,star_ultra_9647@outlook.com,15875394616,林国华,347102196809275173,重庆市市辖区创新路206号17栋242室,male,18,医生,20000-50000,2026-04-03T04:50:58.505Z,成功
73,vip_ultra_3176,7N9YGarfCCWq,vip_ultra_3176@163.com,13366565266,朱华,217325196106170195,北京市市辖区中山路965号46栋114室,female,18,销售经理,50000以上,2026-04-03T04:50:58.920Z,成功
74,silver_pro_3244,cMmt%%I2bwiw,silver_pro_3244@163.com,15643378550,徐超,123124197010272068,福建省福州市朝阳路607号17栋17室,female,46,财务经理,20000-50000,2026-04-03T04:50:59.337Z,成功
75,guest_lite_2214,Kf4I^8mLpJXD,guest_lite_2214@sohu.com,15934359656,吴军,652298197108289733,云南省昆明市幸福路182号43栋11室,male,33,市场专员,5000-10000,2026-04-03T04:50:59.769Z,成功
76,user_pro_6806,H30ywYXBdSq^,user_pro_6806@qq.com,15654163719,李建国,458389197408144672,重庆市市辖区创新路999号9栋151室,male,34,设计师,50000以上,2026-04-03T04:51:00.205Z,成功
77,guest_lite_9316,$*Wq#ya%4ew&,guest_lite_9316@yahoo.com,15385130675,胡华,509008199010034975,河北省石家庄市文化路875号26栋48室,female,37,学生,5000-10000,2026-04-03T04:51:00.636Z,成功
78,silver_lite_1556,Izy!ktx7!eIj,silver_lite_1556@outlook.com,18964386214,李平,316473196911287723,贵州省贵阳市安康路274号2栋59室,male,53,医生,10000-20000,2026-04-03T04:51:01.052Z,成功
79,test_super_2193,VJ7*3uSnvvJv,test_super_2193@gmail.com,13912919976,罗秀,549412197608228808,上海市市辖区解放路528号39栋117室,female,54,教师,5000-10000,2026-04-03T04:51:01.489Z,成功
80,bronze_pro_5333,rMufcRtQXWNH,bronze_pro_5333@126.com,13548398926,徐国栋,452675200112283080,河北省石家庄市文化路323号27栋214室,female,42,公务员,10000-20000,2026-04-03T04:51:01.935Z,成功
81,vip_mini_8099,!Yg1n2AuFAeW,vip_mini_8099@gmail.com,13176689977,罗建国,435270196212119970,四川省成都市胜利路368号32栋490室,male,39,公务员,5000以下,2026-04-03T04:51:02.370Z,成功
82,bronze_lite_1454,x&lJxn@Btf%O,bronze_lite_1454@outlook.com,18750620215,杨芳,51281919860519324X,浙江省杭州市建设路99号48栋25室,male,57,运营专员,50000以上,2026-04-03T04:51:02.857Z,成功
83,gold_lite_6909,PFz&oRxh2KZz,gold_lite_6909@gmail.com,18006062721,林磊,370585199303210802,河南省郑州市光明路639号18栋301室,male,29,会计师,5000以下,2026-04-03T04:51:03.349Z,成功
84,vip_plus_256,cRsCNJyW^Yis,vip_plus_256@outlook.com,13061246591,高国栋,648259197208033048,广东省广州市人民路181号15栋51室,male,40,会计师,5000以下,2026-04-03T04:51:03.771Z,成功
85,demo_2026_6519,6mP6TeMG@vm$,demo_2026_6519@sohu.com,18068349058,赵芳,441418196906262070,北京市市辖区中山路247号31栋418室,female,41,财务经理,5000以下,2026-04-03T04:51:04.189Z,成功
86,vip_super_2890,&qVhnR0T7#LF,vip_super_2890@outlook.com,18697496335,周伟,131437197805173248,湖北省武汉市前进路124号32栋180室,male,42,软件工程师,20000-50000,2026-04-03T04:51:04.606Z,成功
87,silver_pro_7489,II#JZPpcFWvr,silver_pro_7489@sohu.com,15064674013,孙杰,424692199605177080,广东省广州市人民路171号1栋327室,female,49,教师,5000-10000,2026-04-03T04:51:05.022Z,成功
88,bronze_2024_6066,7deFEmKJePS9,bronze_2024_6066@outlook.com,18213193441,吴国平,345282196611024438,陕西省西安市教育路110号25栋182室,female,47,其他,5000以下,2026-04-03T04:51:05.440Z,成功
89,bronze_lite_9873,H^D*qc2nDqYM,bronze_lite_9873@foxmail.com,15347937815,张娜,642125196702136406,山东省济南市新华路105号19栋218室,male,21,运营专员,10000-20000,2026-04-03T04:51:05.854Z,成功
90,star_2026_7306,qYJb!ZBunlEp,star_2026_7306@sohu.com,13844188268,朱磊,323487198309108354,江西省南昌市繁荣路856号15栋497室,male,53,设计师,5000以下,2026-04-03T04:51:06.269Z,成功
91,silver_lite_7748,aUu&QlQrswVE,silver_lite_7748@gmail.com,15023048055,周艳,463319196108181686,安徽省合肥市友谊路127号38栋410室,female,54,产品经理,20000-50000,2026-04-03T04:51:06.688Z,成功
92,bronze_super_9385,o#zE4H95xqpu,bronze_super_9385@foxmail.com,15357213718,林洋,433834198804274581,浙江省杭州市建设路398号31栋25室,male,39,自由职业,50000以上,2026-04-03T04:51:07.119Z,成功
93,guest_mini_6573,*8gwjFNxTQea,guest_mini_6573@hotmail.com,15504396798,胡霞,444831197310161455,福建省福州市朝阳路999号49栋296室,female,35,会计师,50000以上,2026-04-03T04:51:07.538Z,成功
94,star_2026_5593,zIRslHLXik*J,star_2026_5593@hotmail.com,13112997544,赵霞,155721200311193764,上海市市辖区解放路804号7栋476室,male,45,投资顾问,5000-10000,2026-04-03T04:51:07.957Z,成功
95,demo_2026_6937,7pWXZzhVJkMZ,demo_2026_6937@outlook.com,15583689917,黄秀,467370198310032280,江西省南昌市繁荣路751号36栋324室,male,36,医生,5000-10000,2026-04-03T04:51:08.404Z,成功
96,guest_super_6702,lfC8s57AA@S7,guest_super_6702@sina.com,13014097023,张华,500835196207108027,重庆市市辖区创新路688号7栋383室,male,25,银行职员,5000-10000,2026-04-03T04:51:08.843Z,成功
97,demo_super_722,!SSXL6uhct5R,demo_super_722@outlook.com,18583356886,杨洋,22532719860806487X,江西省南昌市繁荣路159号31栋463室,female,54,产品经理,20000-50000,2026-04-03T04:51:09.288Z,成功
98,guest_ultra_4943,mRe46why^G6q,guest_ultra_4943@163.com,15625269600,黄国强,142277198103156547,浙江省杭州市建设路578号42栋53室,male,48,其他,5000以下,2026-04-03T04:51:09.706Z,成功
99,guest_pro_1090,PJ^N&TcMr#Dn,guest_pro_1090@sohu.com,15895462361,胡国梁,648439199307186765,河北省石家庄市文化路637号19栋134室,male,56,公务员,20000-50000,2026-04-03T04:51:10.138Z,成功
100,test_pro_4282,IHurxTu0BX5b,test_pro_4282@126.com,13714209406,杨建国,143151198806062485,山东省济南市新华路621号38栋315室,female,40,医生,5000以下,2026-04-03T04:51:10.572Z,成功